keyword,content
Threads,UFC Threads...
Threads,UFC Threads...
Meta,"Meanwhile at Meta HQ  
Перевести..."
Meta,Meanwhile at Meta HQ...
Meta,Today we're establishing a new top-level initiative called Meta Compute....
Meta,Today we're establishing a new top-level initiative called Meta Compute....
Meta,"Meta is planning to build tens of gigawatts this decade, and hundreds of gigawatts or more over time..."
Meta,"Meta is planning to build tens of gigawatts this decade, and hundreds of gigawatts or more over time..."
Meta,"They will work closely with Dina Powell McCormick, who just joined Meta as President and Vice Chairm..."
Meta,"They will work closely with Dina Powell McCormick, who just joined Meta as President and Vice Chairm..."
Meta,"I'm looking forward to working closely with Daniel, Santosh, Dina and their teams to scale Meta Comp..."
Meta,"I'm looking forward to working closely with Daniel, Santosh, Dina and their teams to scale Meta Comp..."
Meta,I'm excited to share that Dina Powell McCormick is joining Meta as President and Vice Chairman....
Meta,I'm excited to share that Dina Powell McCormick is joining Meta as President and Vice Chairman....
Meta,Dina has been a valuable member of our board and will be an even more critical player as she joins o...
Meta,Dina has been a valuable member of our board and will be an even more critical player as she joins o...
Threads,Условия Threads...
Threads,Условия Threads...
Threads,Разрешить использование файлов cookie от Threads by Instagram в этом браузере?...
Threads,Мы используем файлы cookie и подобные технологии для предоставления и улучшения контента в Продуктах...
Meta,Основные файлы cookie. Эти файлы cookie необходимы для использования Продуктов Meta и корректной раб...
Meta,"Файлы cookie от других компаний. Мы используем эти файлы cookie, чтобы показывать вам рекламу вне Пр..."
Threads,"Чтобы получить более подробную информацию, см. Политика конфиденциальности Meta и Дополнительная пол..."
Meta,Политика конфиденциальности Meta...
Threads,Дополнительная политика конфиденциальности Threads...
Meta,Что такое Продукты Meta?...
